{"cameraMode":{"drawMode":0,"name":"Shaded","section":"Shading Mode"},"sceneLighting":true,"audioPlay":false,"sceneViewState":{"showFog":true,"showMaterialUpdate":false,"showSkybox":true,"showFlares":true,"showImageEffects":true,"showParticleSystems":true},"in2DMode":false,"pivot":{"x":62.45647430419922,"y":18.932952880859376,"z":51.360992431640628},"rotation":{"x":0.19395247101783753,"y":0.6562654972076416,"z":-0.18014304339885713,"w":0.7065742015838623},"size":27.886056900024415,"orthographic":false}