{"cameraMode":{"drawMode":0,"name":"Shaded","section":"Shading Mode"},"sceneLighting":false,"audioPlay":false,"sceneViewState":{"showFog":true,"showMaterialUpdate":false,"showSkybox":false,"showFlares":true,"showImageEffects":true,"showParticleSystems":true},"in2DMode":false,"pivot":{"x":-2.980232238769531e-7,"y":0.9007465839385986,"z":-0.06107625365257263},"rotation":{"x":0.01685316115617752,"y":0.9829068183898926,"z":0.1401185840368271,"w":-0.11822319030761719},"size":1.248337745666504,"orthographic":false}